fold,accuracy,f1_macro
1,0.89375,0.8945265780730898
2,0.8625,0.8657319877363312
3,0.89375,0.8908421052631578
4,0.9375,0.9375
5,0.9125,0.9129165931934402
